Model,Accuracy
Naive Bayes,0.7757900374933048
Logistic Regression,0.8278521692554901
